,product,store,brand,WMAPE
0,1,0,0,0.6360966284323949
1,3,2,0,0.5758002021563341
2,2,0,1,0.571709553386572
3,2,3,1,0.5639827941354658
4,0,1,0,0.5588043411987074
